Model Year,Mfr Name,Carline,City MPG,Hwy MPG,Comb MPG,City CO2 Rounded Adjusted,Hwy CO2 Rounded Adjusted,Comb CO2 Rounded Adjusted (as shown on FE Label)
2026,aston martin,Vanquish,13,21,16,671,431,563
2026,aston martin,Vanquish Volante,13,20,16,669,444,567
2026,aston martin,Vantage,15,22,18,579,399,498
2026,BMW,Z4 M40i,23,29,25,386,297,346
2026,BMW,Z4 M40i,19,26,22,469,332,407
2026,BMW,Z4 sDrive30i,25,33,28,351,266,312
2026,General Motors,CORVETTE,16,25,19,571,356,474
2026,General Motors,CORVETTE E-RAY,16,24,19,566,368,477
2026,General Motors,CORVETTE Z06,12,21,15,731,433,597
2026,General Motors,CORVETTE Z06 CARBON AERO,12,19,14,755,479,631
2026,General Motors,CORVETTE ZR1,12,18,14,738,495,629
2026,Ferrari,12Cilindri,12,19,14,736,477,619
2026,Ferrari,12Cilindri Spider,12,17,14,735,508,633
2026,Mercedes-Benz,AMG GT 55 4MATIC+ (coupe),14,20,16,657,436,558
2026,Mercedes-Benz,AMG GT 63 4MATIC+ (coupe),14,20,16,657,436,558
2026,Mercedes-Benz,AMG GT 63 PRO 4MATIC+ (coupe),14,20,16,657,436,558
2026,Nissan,Z,18,24,20,489,368,435
2026,Nissan,Z,19,28,22,469,318,405
2026,Nissan,Z NISMO,17,24,19,524,371,469
2026,BMW,Supra 2.0,25,31,27,350,288,322
2026,BMW,Supra 3.0,22,29,25,391,298,349
2026,BMW,Supra 3.0,19,26,21,468,334,408
2026,aston martin,DB12 V8,15,22,17,599,395,507
2026,Ferrari,Roma Spider,17,22,19,524,397,467
2026,Toyota,LC 500 CONVERTIBLE,15,25,18,598,356,489
2026,Mercedes-Benz,AMG SL 43,19,27,22,459,329,400
2026,Mercedes-Benz,AMG SL 55 4MATIC+,14,21,16,651,430,552
2026,Mercedes-Benz,AMG SL 63 4MATIC+,14,21,16,651,430,552
2026,Mercedes-Benz,SL 680 Maybach,13,20,16,659,434,558
2026,BMW,Cooper C Convertible,27,37,30,327,238,287
2026,BMW,Cooper S Convertible,26,36,30,330,245,292
2026,BMW,JCW Convertible,26,35,30,335,247,296
2026,Porsche,911 Carrera,18,25,21,486,348,424
2026,Porsche,911 Carrera 4 GTS,17,23,19,523,387,468
2026,Porsche,911 Carrera 4 GTS Cabriolet,17,23,19,520,388,469
2026,Porsche,911 Carrera Cabriolet,18,25,21,489,354,429
2026,Porsche,911 Carrera GTS,17,24,20,522,367,453
2026,Porsche,911 Carrera GTS Cabriolet,17,23,19,522,386,467
2026,Porsche,911 Carrera S,17,24,20,524,371,445
2026,Porsche,911 Carrera S Cabriolet,17,24,20,524,372,455
2026,Porsche,911 Carrera T,17,25,20,523,356,448
2026,Porsche,911 Carrera T Cabriolet,17,25,19,526,356,469
2026,Porsche,911 Targa 4 GTS,17,23,19,523,385,467
2026,Subaru,BRZ,20,27,22,453,333,399
2026,Subaru,BRZ,21,30,25,419,292,362
2026,Volkswagen Group of,A3 quattro,24,34,28,370,265,323
2026,Volkswagen Group of,RS 3,20,29,23,450,310,387
2026,Volkswagen Group of,S3,23,31,26,394,288,346
2026,BMW,230i Coupe,26,35,30,333,251,296
2026,BMW,230i xDrive Coupe,25,33,28,355,262,313
2026,BMW,430i Convertible,27,35,30,329,253,295
2026,BMW,430i Coupe,28,36,31,315,248,285
2026,BMW,430i xDrive Convertible,24,33,28,359,263,316
2026,BMW,430i xDrive Coupe,27,34,30,325,256,294
2026,BMW,840i Convertible,21,29,24,420,305,368
2026,BMW,840i Coupe,21,29,24,420,305,368
2026,BMW,840i xDrive Convertible,21,29,24,426,308,373
2026,BMW,840i xDrive Coupe,21,29,24,426,308,373
2026,BMW,M2 Coupe,16,23,19,552,377,473
2026,BMW,M2 Coupe,16,23,19,535,381,466
2026,BMW,M2 Coupe CS,16,23,19,551,382,475
2026,BMW,M240i Coupe,23,32,26,391,276,339
2026,BMW,M240i xDrive Coupe,23,32,26,387,274,336
2026,BMW,M4 Competition Coupe,16,23,19,541,383,470
2026,BMW,M4 Competition M xDrive Coupe,16,23,18,547,381,472
2026,BMW,M4 Coupe,16,23,19,548,379,472
2026,BMW,M440i Convertible,27,33,29,327,266,300
2026,BMW,M440i Coupe,27,34,30,323,262,296
2026,BMW,M440i xDrive Convertible,25,32,28,344,273,312
2026,BMW,M440i xDrive Coupe,26,33,29,332,263,301
2026,BMW,M4CompetitionMxDriveConvertible,16,22,18,553,388,479
2026,BMW,M850i xDrive Convertible,17,24,19,526,371,456
2026,BMW,M850i xDrive Coupe,17,24,19,526,371,456
2026,Ford Motor Company,MUSTANG,16,24,19,558,370,468
2026,Ford Motor Company,MUSTANG,15,23,18,586,386,494
2026,Ford Motor Company,MUSTANG,22,33,26,404,269,341
2026,Ford Motor Company,MUSTANG DARK HORSE,14,22,17,619,410,525
2026,Ford Motor Company,MUSTANG DARK HORSE,14,22,17,638,405,533
2026,Toyota,LC 500,16,24,18,573,368,481
2026,Maserati,Grancabrio,17,26,20,512,330,430
2026,Maserati,Grancabrio Trofeo,17,26,20,512,330,430
2026,Maserati,Granturismo,18,27,21,489,318,412
2026,Maserati,Granturismo Trofeo,18,27,21,489,318,412
2026,Mercedes-Benz,AMG CLE 53 4MATIC+ (convertible),19,26,22,459,346,408
2026,Mercedes-Benz,AMG CLE 53 4MATIC+ (coupe),20,27,23,444,327,391
2026,Mercedes-Benz,AMG GT 43 (coupe),19,27,22,464,333,405
2026,Mercedes-Benz,CLE 300 4MATIC (convertible),23,32,26,389,279,340
2026,Mercedes-Benz,CLE 300 4MATIC (Coupe),24,33,27,368,268,323
2026,Mercedes-Benz,CLE 450 4MATIC (Convertible),23,32,26,386,279,338
2026,Mercedes-Benz,CLE 450 4MATIC (Coupe),23,33,26,394,271,339
2026,BMW,Cooper C 2 Door,27,39,32,320,227,278
2026,BMW,Cooper S 2 Door,28,39,32,315,225,275
2026,BMW,JCW 2 Door,27,37,30,328,238,288
2026,BMW,228 Gran Coupe,27,39,31,323,225,279
2026,BMW,228 xDrive Gran Coupe,26,38,30,333,233,288
2026,BMW,330i Sedan,28,35,31,317,248,286
2026,BMW,330i xDrive Sedan,26,34,29,332,256,298
2026,BMW,430i Gran Coupe,27,35,30,320,252,290
2026,BMW,430i xDrive Gran Coupe,25,34,29,345,257,305
2026,BMW,M235 xDrive Gran Coupe,24,33,27,368,264,321
2026,BMW,M3 Competition M xDrive Sedan,16,23,18,556,381,477
2026,BMW,M3 Competition Sedan,16,23,19,541,383,470
2026,BMW,M3 Sedan,16,23,19,548,379,472
2026,BMW,M340i Sedan,27,33,29,326,265,299
2026,BMW,M340i xDrive Sedan,26,33,29,336,264,304
2026,BMW,M440i Gran Coupe,26,32,28,342,275,312
2026,BMW,M440i xDrive Gran Coupe,25,31,27,350,284,320
2026,General Motors,CT4,21,31,25,412,287,356
2026,General Motors,CT4,22,32,26,401,276,345
2026,General Motors,CT4 AWD,21,29,24,425,305,371
2026,General Motors,CT4 AWD ,21,31,25,415,287,357
2026,General Motors,CT4 V,20,29,23,443,309,383
2026,General Motors,CT4 V,16,24,19,568,368,478
2026,General Motors,CT4 V,15,23,18,591,387,493
2026,General Motors,CT4 V AWD,20,28,23,445,318,387
2026,Ferrari,Purosangue,11,15,12,825,573,711
2026,Hyundai,G70 AWD,17,23,19,528,389,466
2026,Hyundai,G70 AWD,20,28,23,440,319,385
2026,Hyundai,G70 RWD,17,25,20,526,355,449
2026,Hyundai,G70 RWD,21,29,24,429,304,373
2026,MAZDA,MAZDA3 4-Door 2WD,27,36,30,331,248,294
2026,MAZDA,MAZDA3 4-Door 4WD,26,34,29,345,257,306
2026,MAZDA,MAZDA3 4-Door 4WD,23,32,27,382,274,334
2026,Mercedes-Benz,AMG C 43 4MATIC,19,27,22,468,329,405
2026,Mercedes-Benz,AMG CLA 35 4MATIC,22,29,25,406,305,361
2026,Mercedes-Benz,AMG CLA 45 S 4MATIC,20,28,23,438,308,379
2026,Mercedes-Benz,C 300,25,35,29,352,252,307
2026,Mercedes-Benz,C 300 4MATIC,24,33,27,379,268,329
2026,Mercedes-Benz,CLA 250,26,36,30,339,247,298
2026,Mercedes-Benz,CLA 250 4MATIC,25,34,29,353,260,311
2026,BMW,Cooper C 4 Door,28,39,32,318,225,276
2026,BMW,Cooper S 4 Door,28,39,32,311,226,273
2026,Toyota,COROLLA,32,41,35,277,216,254
2026,Toyota,COROLLA,31,40,34,286,223,257
2026,Toyota,COROLLA,31,38,34,292,232,265
2026,Toyota,COROLLA HATCHBACK,32,41,35,278,217,254
2026,Toyota,COROLLA HATCHBACK FX,30,38,33,292,237,267
2026,Toyota,COROLLA HATCHBACK XSE,30,38,33,295,230,266
2026,Toyota,COROLLA HYBRID,50,43,47,173,204,186
2026,Toyota,COROLLA HYBRID,53,46,50,165,191,176
2026,Toyota,COROLLA HYBRID AWD,47,41,44,186,214,199
2026,Toyota,COROLLA HYBRID AWD,51,44,48,172,200,183
2026,Volkswagen Group of,GLI,26,35,29,348,256,307
2026,Volkswagen Group of,GLI,26,36,29,346,247,306
2026,Volkswagen Group of,Jetta,29,40,34,302,220,265
2026,Volkswagen Group of,Jetta Sport/SE/SEL,29,40,33,310,224,271
2026,Volkswagen Group of,RS 7,14,21,16,645,422,545
2026,BMW,530i Sedan,28,35,31,315,249,285
2026,BMW,530i xDrive Sedan,27,35,30,325,253,292
2026,BMW,540i xDrive Sedan,26,32,28,338,271,308
2026,BMW,840i Gran Coupe,21,29,24,420,305,368
2026,BMW,840i xDrive Gran Coupe,21,29,24,426,308,373
2026,BMW,M850i xDrive Gran Coupe,17,24,19,526,371,456
2026,General Motors,CT5,19,28,22,466,318,399
2026,General Motors,CT5,22,31,26,399,282,346
2026,General Motors,CT5 AWD,18,27,21,488,334,418
2026,General Motors,CT5 AWD,21,30,24,416,294,370
2026,General Motors,CT5 V,18,27,21,499,330,423
2026,General Motors,CT5 V,13,20,15,697,437,580
2026,General Motors,CT5 V,13,20,15,708,438,587
2026,General Motors,CT5 V AWD,17,26,20,523,342,445
2026,Honda,CIVIC 4Dr,27,37,31,323,239,285
2026,Honda,CIVIC 4Dr,32,41,36,276,215,248
2026,Honda,CIVIC 4Dr,31,39,34,281,226,260
2026,Honda,CIVIC 4Dr,50,47,49,176,188,181
2026,Hyundai,Elantra,28,35,31,316,254,288
2026,Hyundai,Elantra Hybrid,49,52,50,180,172,177
2026,Hyundai,Elantra Hybrid Blue,51,58,54,174,154,165
2026,Hyundai,Elantra N,20,27,23,446,326,392
2026,Hyundai,Elantra N,21,29,24,414,307,366
2026,Hyundai,Elantra non-ISG,30,40,34,296,222,263
2026,Hyundai,Elantra w/ Stop-Start,31,40,35,281,221,254
2026,MAZDA,MAZDA3 5-Door 2WD,25,34,28,359,260,314
2026,MAZDA,MAZDA3 5-Door 2WD,26,34,29,339,257,302
2026,MAZDA,MAZDA3 5-Door 4WD,25,34,28,351,263,317
2026,MAZDA,MAZDA3 5-Door 4WD,23,31,26,380,285,337
2026,Mercedes-Benz,E 350,25,33,28,359,264,316
2026,Mercedes-Benz,E 350 4MATIC,24,33,27,375,269,327
2026,Mercedes-Benz,E 450 4MATIC,22,31,25,409,290,355
2026,Toyota,CAMRY HEV AWD LE,50,49,50,175,181,178
2026,Toyota,CAMRY HEV AWD SE/XLE,46,46,46,191,194,192
2026,Toyota,CAMRY HEV AWD XSE,43,43,43,205,205,205
2026,Toyota,CAMRY HEV FF LE,52,49,51,168,179,173
2026,Toyota,CAMRY HEV FF SE/XLE/XSE,47,45,46,188,195,191
2026,Toyota,PRIUS,57,56,57,154,158,155
2026,Toyota,PRIUS AWD,53,54,54,166,163,163
2026,Toyota,PRIUS AWD XLE/LTD,49,50,49,179,176,179
2026,Toyota,PRIUS XLE/LTD,52,52,52,168,169,169
2026,Toyota,TOYOTA CROWN AWD,29,32,30,303,272,293
2026,Toyota,TOYOTA CROWN AWD Hybrid,42,41,41,209,214,214
2026,Volkswagen Group of,Golf R,22,31,25,397,289,349
2026,Volkswagen Group of,GTI,24,32,27,365,278,326
2026,Volvo,S90 B5,24,34,28,365,261,318
2026,Honda,INTEGRA,29,37,32,302,238,278
2026,Honda,INTEGRA,21,28,24,419,312,371
2026,Honda,INTEGRA A-SPEC,29,37,32,301,240,277
2026,Honda,INTEGRA A-SPEC,26,36,30,339,241,293
2026,Volkswagen Group of,A8 quattro,19,27,22,480,334,414
2026,Volkswagen Group of,S8,15,24,18,605,377,502
2026,BMW,740i Sedan,25,31,28,347,279,317
2026,BMW,740i xDrive Sedan,24,31,27,359,285,326
2026,BMW,760i xDrive Sedan,18,25,20,494,344,427
2026,Hyundai,G80 AWD,20,29,23,439,311,382
2026,Hyundai,G80 AWD,15,24,18,574,377,485
2026,Hyundai,G90 AWD,18,26,21,491,347,426
2026,Hyundai,G90 MHEV,17,24,20,505,363,441
2026,Honda,CIVIC 5Dr,30,38,34,295,233,268
2026,Honda,CIVIC 5Dr,50,45,48,177,196,186
2026,Hyundai,Sonata AWD,24,33,27,376,267,327
2026,Hyundai,Sonata FWD,25,36,29,362,246,310
2026,Hyundai,Sonata FWD,23,32,27,378,277,333
2026,Hyundai,Sonata FWD w/ STOP-START,28,38,32,322,232,281
2026,Hyundai,Sonata Hybrid,44,51,47,199,174,188
2026,Hyundai,Sonata Hybrid Blue,47,56,51,189,158,175
2026,Kia,K5,25,36,29,361,247,310
2026,Kia,K5,23,33,27,380,273,331
2026,Kia,K5 AWD,24,33,27,377,270,329
2026,Kia,K5 w/ Stop-Start,26,37,30,347,238,298
2026,Mercedes-Benz,S 500 4MATIC,20,29,23,438,309,380
2026,Mercedes-Benz,S 580 4MATIC,17,27,20,532,324,438
2026,Mercedes-Benz,S 580 4MATIC Maybach,16,27,20,549,330,451
2026,Mercedes-Benz,S 680 4MATIC Maybach,12,20,15,741,435,603
2026,Porsche,Panamera,18,25,21,493,355,431
2026,Porsche,Panamera 4,18,25,21,496,356,425
2026,Rolls-Royce,Black Badge Ghost,12,19,14,732,459,609
2026,Rolls-Royce,Ghost,12,19,14,732,459,609
2026,Rolls-Royce,Ghost Extended,12,19,14,732,459,609
2026,Rolls-Royce,Phantom,12,19,14,732,459,609
2026,Rolls-Royce,Phantom Extended,12,19,14,732,459,609
2026,General Motors,ENVISTA,28,32,30,316,277,296
2026,General Motors,ENVISTA (Flex Fuel),28,32,30,314,277,297
2026,General Motors,TRAX,28,31,29,323,277,302
2026,General Motors,TRAX (Flex Fuel),28,32,30,318,277,296
2026,Honda,HR-V AWD,25,30,27,357,292,328
2026,Honda,HR-V FWD,26,32,28,338,278,311
2026,Mercedes-Benz,AMG GLA 35 4MATIC,22,30,25,395,296,350
2026,Mercedes-Benz,AMG GLC 43 4MATIC,19,26,22,459,342,406
2026,Mercedes-Benz,AMG GLC 43 4MATIC (coupe),19,25,22,463,348,411
2026,Mercedes-Benz,AMG GT 43 4MATIC+,19,24,21,464,369,421
2026,Mercedes-Benz,AMG GT 53 4MATIC+,19,24,21,467,368,422
2026,Mercedes-Benz,AMG GT 63 4MATIC+,15,21,17,579,430,512
2026,Subaru,IMPREZA,27,33,29,331,264,301
2026,Subaru,IMPREZA,26,33,29,343,272,311
2026,Volvo,V60CC B5 AWD,23,31,26,380,286,338
2026,Volkswagen Group of,A6 allroad quattro,21,30,24,418,300,365
2026,Volkswagen Group of,RS 6 Avant,14,21,16,645,422,545
2026,Honda,CR-V FWD,28,33,30,318,269,296
2026,Honda,CR-V FWD,43,36,40,205,246,223
2026,Mercedes-Benz,AMG GLB 35 4MATIC,21,27,23,432,333,387
2026,Mercedes-Benz,E 450 4MATIC All-Terrain Wagon,22,31,25,402,289,351
2026,Volvo,V90CC B6 AWD,22,29,25,399,307,358
2026,General Motors,COLORADO 2WD,19,24,21,462,367,420
2026,General Motors,SILVERADO 2WD ,23,28,25,437,360,402
2026,General Motors,SILVERADO 2WD (5.3L with Sport Mode),16,21,18,539,429,490
2026,General Motors,SILVERADO 2WD (5.3L),16,20,17,562,454,513
2026,General Motors,SILVERADO 2WD 3M,18,21,20,502,420,465
2026,General Motors,SILVERADO 2WD M5,17,21,19,509,426,472
2026,General Motors,CANYON 2WD,19,23,20,462,387,443
2026,General Motors,SIERRA 2WD,16,20,17,562,456,514
2026,General Motors,SIERRA 2WD,23,28,25,437,360,402
2026,General Motors,SIERRA 2WD 3M,18,21,20,501,419,464
2026,General Motors,SIERRA 2WD M5,17,21,19,509,426,472
2026,General Motors,SIERRA 2WD with Sport Mode,16,21,18,554,423,495
2026,Nissan,FRONTIER 2WD,19,24,21,465,371,423
2026,FCA US LLC,1500 4X2,18,25,21,497,356,433
2026,FCA US LLC,1500 4X2,20,25,22,451,353,407
2026,Toyota,TUNDRA 2WD,18,23,20,498,392,450
2026,Toyota,TUNDRA 2WD,18,23,20,490,387,444
2026,Toyota,TUNDRA 2WD Hybrid,20,24,22,441,366,407
2026,Toyota,TUNDRA 2WD HYBRID TRD Perf,20,24,22,441,366,407
2026,Toyota,TUNDRA 2WD TRD Perf,18,23,20,490,387,444
2026,General Motors,COLORADO 4WD,17,22,19,511,404,462
2026,General Motors,COLORADO 4WD MUD TERRAIN TIRES,17,20,18,529,451,494
2026,General Motors,COLORADO ZR2 4WD,17,17,17,531,522,527
2026,General Motors,COLORADO ZR2 BISON 4WD,16,16,16,559,570,564
2026,General Motors,SILVERADO 4WD,15,20,17,593,450,528
2026,General Motors,SILVERADO 4WD,22,25,23,463,399,434
2026,General Motors,SILVERADO 4WD  (Flex Fuel),15,19,17,576,462,524
2026,General Motors,SILVERADO 4WD (5.3 L),15,19,17,576,475,531
2026,General Motors,SILVERADO 4WD 4M,17,21,19,513,424,473
2026,General Motors,SILVERADO 4WD M6 with Sport Mode,17,20,18,509,443,479
2026,General Motors,SILVERADO 4WD MUD TERRAIN TIRE,15,18,16,595,501,552
2026,General Motors,SILVERADO 4WD MUD TERRAIN TIRE  (Flex Fuel),15,19,17,576,462,524
2026,General Motors,SILVERADO 4WD MUD TERRAIN TIRE (6.2 L),14,17,15,635,524,593
2026,General Motors,SILVERADO 4WD MUD TERRAIN TIRE 4M,16,17,17,552,517,536
2026,General Motors,SILVERADO 4WD MUD TERRAIN TIRE M6,16,17,17,551,516,535
2026,General Motors,SILVERADO 4WD MUD TERRAIN TIRE with Sport Mode,15,18,16,595,503,553
2026,General Motors,SILVERADO 4WD MUD TERRAIN TIRES,21,24,23,474,418,448
2026,General Motors,SILVERADO 4WD MUD TERRAIN TIRES w/ Sport and Off Road Mode,21,24,23,475,421,451
2026,General Motors,SILVERADO 4WD w/ Sport and Off Road Mode,22,26,24,459,391,428
2026,General Motors,SILVERADO 4WD with Sport Mode,16,20,17,562,456,514
2026,General Motors,SILVERADO 4WD ZR2,14,17,15,638,535,591
2026,General Motors,SILVERADO 4WD ZR2  w/ Sport and Off Road Mode,20,23,21,504,451,480
2026,General Motors,CANYON 4WD,17,22,19,511,404,462
2026,General Motors,CANYON AT4X 4WD,17,17,17,531,522,527
2026,General Motors,CANYON AT4X AEV 4WD,16,16,16,559,570,564
2026,General Motors,SIERRA 4WD ,22,26,24,459,391,428
2026,General Motors,SIERRA 4WD  (5.3 L),15,18,16,598,492,550
2026,General Motors,SIERRA 4WD  (Flex Fuel),15,19,17,576,462,524
2026,General Motors,SIERRA 4WD (6.2L),15,19,16,606,457,539
2026,General Motors,SIERRA 4WD (Municipal),15,19,16,604,475,546
2026,General Motors,SIERRA 4WD 4M,17,20,18,524,450,491
2026,General Motors,SIERRA 4WD AT4X,14,16,15,638,557,601
2026,General Motors,SIERRA 4WD AT4X,19,20,19,530,516,524
2026,General Motors,SIERRA 4WD M6,17,18,17,535,486,513
2026,General Motors,SIERRA 4WD MUD TERRAIN TIRES,14,17,15,636,523,593
2026,General Motors,SIERRA 4WD MUD TERRAIN TIRES,14,17,16,612,512,567
2026,General Motors,SIERRA 4WD MUD TERRAIN TIRES,21,24,23,475,421,451
2026,General Motors,SIERRA 4WD MUD TERRAIN TIRES (Flex Fuel),15,19,17,576,462,524
2026,General Motors,SIERRA 4WD MUD TERRAIN TIRES (Municipal),15,19,16,604,475,546
2026,General Motors,SIERRA 4WD MUD TERRAIN TIRES 4M,16,17,17,552,517,536
2026,General Motors,SIERRA 4WD MUD TERRAIN TIRES with Sport Mode,15,18,16,605,508,561
2026,General Motors,SIERRA 4WD with Sport Mode,15,19,17,574,458,522
2026,Honda,RIDGELINE AWD,18,24,21,494,375,441
2026,Honda,RIDGELINE AWD TrailSport,18,23,20,496,386,446
2026,FCA US LLC,Gladiator 4X4,17,22,19,518,409,469
2026,Nissan,FRONTIER 4WD,17,21,19,525,424,479
2026,Nissan,FRONTIER 4WD PRO-4X,16,20,18,557,440,504
2026,FCA US LLC,1500 4X4,18,24,20,500,375,444
2026,FCA US LLC,1500 4X4,19,24,21,457,368,417
2026,FCA US LLC,1500 4X4,16,20,18,555,437,502
2026,FCA US LLC,1500 HO 4x4,15,21,17,593,434,521
2026,FCA US LLC,1500 RHO 4x4,14,16,15,634,564,602
2026,Toyota,TUNDRA 4WD,17,22,19,518,408,468
2026,Toyota,TUNDRA 4WD,17,22,19,512,400,462
2026,Toyota,TUNDRA 4WD Hybrid,19,22,20,473,397,439
2026,Toyota,TUNDRA 4WD HYBRID TRD Per,19,22,20,473,397,439
2026,Toyota,TUNDRA 4WD PRO Hybrid,18,20,19,483,435,461
2026,Toyota,TUNDRA 4WD PRO HYBRID TRD Perf,18,20,19,483,435,461
2026,Toyota,TUNDRA 4WD TRD Perf,17,22,19,512,400,462
2026,Mercedes-Benz,GLA 250,26,34,29,344,260,306
2026,Mercedes-Benz,GLB 250,25,33,28,348,265,311
2026,General Motors,SILVERADO 2WD CAB CHASSIS,15,18,16,590,504,551
2026,General Motors,SILVERADO 4WD CAB CHASSIS,14,16,15,633,542,592
2026,General Motors,SIERRA 2WD CAB CHASSIS,15,18,16,590,504,551
2026,General Motors,SIERRA 4WD CAB CHASSIS,14,16,15,633,542,592
2026,FCA US LLC,Pacifica,19,28,22,469,317,401
2026,FCA US LLC,Voyager,19,28,22,469,317,401
2026,Honda,ODYSSEY FWD,19,28,22,457,319,395
2026,Kia,Carnival,18,25,21,489,354,428
2026,Kia,Carnival Hybrid,34,31,32,264,288,275
2026,Honda,MDX FWD,19,26,22,470,339,411
2026,General Motors,ENCORE GX FWD,29,31,30,302,287,297
2026,General Motors,ENCORE GX FWD (Flex Fuel),30,31,30,296,287,297
2026,General Motors,EQUINOX FWD,26,29,27,342,305,329
2026,General Motors,TRAILBLAZER FWD,29,33,31,307,270,287
2026,General Motors,TRAILBLAZER FWD (Flex Fuel),30,31,30,296,287,297
2026,Ford Motor Company,ESCAPE FWD,27,34,30,332,256,298
2026,Hyundai,GV80 RWD,20,26,22,449,346,403
2026,General Motors,TERRAIN FWD,26,28,27,342,318,329
2026,Hyundai,Kona FWD,28,35,31,316,255,288
2026,Hyundai,Kona FWD SX2 1.6T 8AT FWD,26,31,28,348,286,320
2026,Hyundai,Kona FWD w/ STOP-START,29,34,31,305,258,284
2026,Hyundai,Santa Cruz FWD,22,30,25,405,296,356
2026,Hyundai,Santa Fe FWD,20,29,24,431,303,374
2026,Hyundai,Santa Fe Hybrid FWD,37,36,36,241,247,244
2026,Hyundai,Tucson FWD,25,33,28,361,274,322
2026,Hyundai,Venue,29,33,31,304,274,291
2026,Kia,Niro,53,45,49,168,196,181
2026,Kia,Niro FE,53,54,53,168,165,167
2026,Kia,Sorento FWD,23,31,26,380,289,339
2026,Kia,Sorento FWD,20,29,23,441,311,382
2026,Kia,Sorento Hybrid FWD,37,36,37,236,245,240
2026,Kia,Sportage FWD,25,33,28,357,269,317
2026,Kia,Sportage Hybrid FWD,41,44,42,216,202,209
2026,Toyota,NX 350h,42,38,40,207,233,220
2026,Toyota,RX 350,22,29,25,396,303,354
2026,Ford Motor Company,CORSAIR FWD,22,30,25,406,298,358
2026,Mercedes-Benz,GLC 300,24,32,27,365,273,323
2026,Nissan,KICKS,28,35,31,318,255,287
2026,Nissan,ROGUE FWD,29,36,32,303,251,279
2026,Toyota,COROLLA CROSS,31,33,32,283,267,276
2026,Volkswagen Group of,Atlas,20,27,23,438,331,390
2026,Volkswagen Group of,Atlas Cross Sport,20,27,23,438,331,390
2026,Volkswagen Group of,Taos,28,36,31,312,247,287
2026,Volkswagen Group of,Tiguan,25,32,28,355,277,320
2026,Volkswagen Group of,Tiguan S,26,34,29,345,260,307
2026,Volvo,XC40 B4,25,32,27,362,281,326
2026,Honda,MDX AWD,19,25,21,477,357,423
2026,Honda,RDX AWD,21,27,23,415,322,385
2026,Honda,RDX AWD A-SPEC,21,26,23,423,342,386
2026,BMW,X1 M35i,24,32,27,370,275,327
2026,BMW,X1 xDrive28i,25,34,28,352,259,311
2026,BMW,X2 M35i,23,31,26,385,281,338
2026,BMW,X2 xDrive28i,24,34,28,359,259,314
2026,BMW,X3 M50,25,30,27,346,288,320
2026,BMW,X3 xDrive30,27,33,29,327,265,299
2026,General Motors,ENCORE GX AWD,26,28,27,347,309,327
2026,General Motors,ENVISION AWD,22,28,25,397,317,361
2026,General Motors,EQUINOX AWD,25,29,26,358,305,342
2026,General Motors,TRAILBLAZER AWD,26,29,27,342,306,329
2026,Ford Motor Company,ESCAPE AWD,23,31,26,386,287,342
2026,Ford Motor Company,ESCAPE AWD,26,32,28,347,278,317
2026,Ford Motor Company,ESCAPE AWD HEV,42,36,39,208,246,225
2026,Hyundai,GV70 AWD,18,25,21,497,355,433
2026,Hyundai,GV70 AWD w/ 4-mode transmission,20,28,23,451,322,393
2026,Hyundai,GV70 AWD w/ 5-mode transmission (Sport+),20,26,22,453,339,402
2026,General Motors,TERRAIN AWD,24,28,25,370,319,356
2026,General Motors,TERRAIN AWD Denali / AT4,24,26,25,376,335,358
2026,Honda,CR-V AWD,27,31,29,329,286,310
2026,Honda,CR-V AWD,40,34,37,218,259,237
2026,Honda,CR-V AWD TrailSport,38,33,35,236,272,252
2026,Honda,PASSPORT AWD,19,25,21,469,356,424
2026,Honda,PASSPORT AWD Trailsport,18,23,20,496,387,446
2026,Hyundai,Kona AWD,26,29,27,341,300,323
2026,Hyundai,Kona AWD SX2 1.6T 8AT AWD,25,28,26,362,313,340
2026,Hyundai,Kona AWD w/ STOP-START,27,29,28,332,302,319
2026,Hyundai,Santa Cruz AWD  NX4 OB 2.5 AWD 8AT,21,29,24,415,309,367
2026,Hyundai,Santa Cruz AWD NX4 OB 2.5T AWD 8AT,18,25,20,497,356,433
2026,Hyundai,Santa Cruz XRT AWD,18,25,20,498,357,435
2026,Hyundai,Santa Fe AWD,20,28,23,450,314,389
2026,Hyundai,Santa Fe AWD XRT,19,25,21,477,353,421
2026,Hyundai,Santa Fe Hybrid AWD,35,34,34,255,262,258
2026,Hyundai,Tucson AWD,24,30,26,371,296,337
2026,Hyundai,Tucson Hybrid,36,37,36,246,240,243
2026,Hyundai,Tucson Hybrid Blue,38,38,38,232,235,234
2026,Jaguar Land Rover L,F-PACE,22,27,24,409,335,376
2026,Jaguar Land Rover L,F-PACE MHEV,19,25,21,471,354,418
2026,Jaguar Land Rover L,F-PACE SVR,15,21,17,592,430,519
2026,FCA US LLC,Compass 4X4,23,31,26,379,282,335
2026,FCA US LLC,Wrangler 2dr 4X4,20,23,21,439,387,416
2026,FCA US LLC,Wrangler 2dr 4X4,17,23,19,525,386,462
2026,FCA US LLC,Wrangler 4dr 4X4,20,22,21,452,394,426
2026,FCA US LLC,Wrangler 4dr 4X4,18,23,20,507,382,451
2026,FCA US LLC,Wrangler 4dr 4X4,16,22,19,542,396,476
2026,Kia,Seltos AWD (1.6L),24,27,25,368,327,350
2026,Kia,Seltos AWD (2.0L),27,31,29,331,282,309
2026,Kia,Sorento AWD,23,28,25,387,321,357
2026,Kia,Sorento AWD,20,27,23,436,329,388
2026,Kia,Sorento Hybrid AWD,32,35,34,272,254,264
2026,Kia,Sportage AWD,24,30,26,374,296,339
2026,Kia,Sportage Hybrid AWD,35,36,35,252,250,251
2026,Kia,Sportage X-pro,23,26,24,394,349,374
2026,Jaguar Land Rover L,Discovery Sport,19,23,20,482,381,437
2026,Jaguar Land Rover L,Range Rover Evoque,20,27,22,451,334,398
2026,Jaguar Land Rover L,Range Rover Velar,22,26,23,415,339,381
2026,Jaguar Land Rover L,Range Rover Velar P340 MHEV,19,26,22,460,343,407
2026,Jaguar Land Rover L,Range Rover Velar P400 MHEV,19,25,21,473,354,420
2026,Toyota,NX 350 AWD,21,28,24,413,317,370
2026,Toyota,NX 350 AWD F SPORT,21,28,24,420,309,370
2026,Toyota,NX 350h AWD,41,37,39,212,235,225
2026,Toyota,RX 350 AWD,21,28,24,417,312,370
2026,Toyota,RX 350h AWD,37,34,36,234,256,244
2026,Toyota,RX 500h AWD,27,28,27,326,314,321
2026,Ford Motor Company,CORSAIR AWD,21,28,24,425,316,376
2026,Ford Motor Company,NAUTILUS AWD,21,29,24,425,306,369
2026,Ford Motor Company,NAUTILUS HEV AWD,29,31,30,334,282,311
2026,Maserati,Grecale Modena V6,18,25,20,495,354,432
2026,Maserati,Grecale Trofeo,18,25,20,495,354,432
2026,MAZDA,CX-30 4WD,24,31,27,365,285,329
2026,MAZDA,CX-30 4WD,22,30,25,398,299,353
2026,Mercedes-Benz,GLA 250 4MATIC,25,33,28,353,269,315
2026,Mercedes-Benz,GLB 250 4MATIC,24,33,27,368,270,324
2026,Mercedes-Benz,GLC 300 4MATIC,23,31,26,380,287,338
2026,Mercedes-Benz,GLC 300 4MATIC (Coupe),23,31,26,379,287,337
2026,Mercedes-Benz,GLE 350,21,28,23,434,318,382
2026,Mercedes-Benz,GLE 350 4MATIC,19,26,22,461,347,410
2026,BMW,Countryman S ALL4,24,32,27,366,273,324
2026,BMW,JCW Countryman ALL4,23,30,25,389,288,344
2026,Mitsubishi Motors Co,ECLIPSE CROSS 4WD,25,26,25,354,338,353
2026,Mitsubishi Motors Co,ECLIPSE CROSS ES 4WD,25,28,26,354,312,339
2026,Nissan,KICKS AWD,27,34,30,330,261,299
2026,Nissan,MURANO AWD,21,27,23,424,330,387
2026,Nissan,ROGUE AWD,28,35,31,318,258,291
2026,Nissan,ROGUE AWD ROCK CREEK,27,32,29,330,274,307
2026,Porsche,Macan,19,25,21,468,352,423
2026,Porsche,Macan GTS,17,22,19,521,403,466
2026,Porsche,Macan S,17,23,19,520,381,465
2026,Porsche,Macan T,19,25,21,468,361,423
2026,Subaru,CROSSTREK AWD,26,33,29,339,268,307
2026,Subaru,CROSSTREK HYBRID AWD,36,36,36,244,247,246
2026,Subaru,CROSSTREK WILDERNESS AWD,24,29,26,364,305,337
2026,Subaru,FORESTER AWD,26,33,29,343,269,310
2026,Subaru,FORESTER SPORT/TOURING AWD,25,32,28,350,278,317
2026,Subaru,FORESTER WILDERNESS AWD,24,28,26,374,315,347
2026,Subaru,OUTBACK AWD,25,31,27,363,289,330
2026,Subaru,OUTBACK AWD,21,29,24,414,313,369
2026,Subaru,OUTBACK WILDERNESS AWD,21,27,23,426,336,385
2026,Toyota,COROLLA CROSS AWD,29,31,30,307,284,295
2026,Toyota,COROLLA CROSS HYBRID AWD,46,39,42,192,227,211
2026,Volkswagen Group of,Atlas 4Motion Peak Edition,19,25,21,476,355,421
2026,Volkswagen Group of,Atlas Cross Sport 4Motion,20,26,22,456,348,407
2026,Volkswagen Group of,Atlas SE 4Motion,20,26,22,456,348,407
2026,Volkswagen Group of,Atlas SEL 4Motion,19,25,21,468,355,417
2026,Volkswagen Group of,Taos 4Motion,25,33,28,355,274,318
2026,Volkswagen Group of,Tiguan 4Motion,22,30,25,398,294,351
2026,Volkswagen Group of,Tiguan SEL 4Motion,22,29,25,406,304,360
2026,Volvo,XC40 B5 AWD,23,30,26,381,296,343
2026,Volvo,XC60 B5 AWD,23,30,26,384,292,343
2026,BMW,X5 sDrive40i,23,27,25,383,331,360
2026,General Motors,ENCLAVE FWD,20,25,22,444,356,404
2026,General Motors,SUBURBAN 2WD,15,19,16,605,470,544
2026,General Motors,SUBURBAN 2WD,15,20,17,592,453,530
2026,General Motors,SUBURBAN 2WD,21,26,23,485,385,442
2026,General Motors,TAHOE 2WD,15,20,17,587,444,523
2026,General Motors,TAHOE 2WD,15,20,17,592,453,530
2026,General Motors,TAHOE 2WD,22,26,24,457,391,427
2026,General Motors,TRAVERSE FWD,20,26,22,440,342,404
2026,FCA US LLC,Durango RWD,18,25,20,499,355,434
2026,Ford Motor Company,EXPLORER RWD,18,25,21,486,355,423
2026,Ford Motor Company,EXPLORER RWD,20,29,24,433,308,377
2026,General Motors,ACADIA FWD,20,26,22,440,342,404
2026,General Motors,YUKON 2WD,15,20,17,587,444,523
2026,General Motors,YUKON 2WD,15,20,17,592,453,530
2026,General Motors,YUKON 2WD,21,26,23,485,385,442
2026,General Motors,YUKON XL 2WD,15,19,16,605,470,544
2026,General Motors,YUKON XL 2WD,15,20,17,592,453,530
2026,General Motors,YUKON XL 2WD,21,26,23,485,385,442
2026,Hyundai,Palisade FWD,19,25,21,476,348,418
2026,Hyundai,Palisade Hybrid FWD,31,32,31,287,277,283
2026,Hyundai,Palisade Hybrid FWD Blue,33,35,34,262,253,258
2026,Nissan,QX60 FWD,22,28,24,405,318,371
2026,Nissan,QX80 2WD,16,20,18,557,440,504
2026,Toyota,TX 350,21,27,23,418,326,382
2026,Ford Motor Company,AVIATOR RWD,18,25,21,486,355,423
2026,Nissan,ARMADA 2WD,16,20,18,556,444,506
2026,Toyota,GRAND HIGHLANDER HYBRID,37,34,36,237,258,246
2026,Toyota,GRAND HIGHLANDER LE/XLE,21,28,24,419,313,371
2026,Toyota,GRAND HIGHLANDER LIMITED,21,28,24,410,312,366
2026,Toyota,SEQUOIA 2WD,21,24,22,418,366,395
2026,Toyota,SEQUOIA 2WD,21,24,22,418,366,395
2026,Honda,MDX AWD Type-S,17,21,19,523,414,474
2026,aston martin,DBX 707,15,20,17,602,457,537
2026,aston martin,DBX 727,14,19,16,620,456,546
2026,Volkswagen Group of,Q7,20,26,22,453,347,405
2026,Volkswagen Group of,Q7 quattro,18,23,20,492,380,442
2026,Volkswagen Group of,Q8 quattro,17,23,19,514,392,459
2026,Volkswagen Group of,RS Q8 Performance,14,20,16,622,454,547
2026,Volkswagen Group of,SQ7,14,20,16,615,448,540
2026,Volkswagen Group of,SQ8,14,20,16,623,439,540
2026,Volkswagen Group of,Bentayga,14,21,16,650,433,553
2026,Volkswagen Group of,Bentayga EWB,14,21,16,650,433,553
2026,BMW,ALPINA XB7,16,20,17,564,434,506
2026,BMW,X5 M Competition,13,18,15,678,481,589
2026,BMW,X5 M60i xDrive,17,22,19,512,391,458
2026,BMW,X5 xDrive40i,23,27,25,375,323,352
2026,BMW,X6 M Competition,13,18,15,678,481,589
2026,BMW,X6 M60i xDrive,17,22,19,512,391,458
2026,BMW,X6 xDrive40i,22,26,23,406,332,372
2026,BMW,X7 M60i xDrive,16,20,18,550,435,498
2026,BMW,X7 xDrive40i,21,25,23,420,346,387
2026,General Motors,ENCLAVE AWD,20,24,21,454,370,423
2026,General Motors,ESCALADE 4WD,14,18,16,634,495,572
2026,General Motors,ESCALADE V AWD,11,17,13,793,526,691
2026,General Motors,SUBURBAN 4WD,14,18,16,634,495,572
2026,General Motors,SUBURBAN 4WD,14,19,16,646,481,571
2026,General Motors,SUBURBAN 4WD,20,24,22,496,416,460
2026,General Motors,TAHOE 4WD,20,24,22,496,416,460
2026,General Motors,TAHOE 4WD (5.3L),15,19,17,596,462,536
2026,General Motors,TAHOE 4WD (6.2L),14,18,16,634,495,572
2026,General Motors,TRAVERSE AWD,20,24,21,454,370,423
2026,FCA US LLC,Durango AWD,17,24,20,510,374,449
2026,FCA US LLC,Durango AWD,14,21,16,643,415,541
2026,Ford Motor Company,EXPLORER AWD,18,25,20,503,361,439
2026,Ford Motor Company,EXPLORER AWD,20,27,23,448,329,394
2026,Ford Motor Company,EXPLORER TREMOR AWD,19,23,21,460,378,424
2026,Hyundai,GV80 AWD,19,24,21,474,369,427
2026,Hyundai,GV80 AWD,16,22,19,538,395,473
2026,Hyundai,GV80 MHEV,17,22,19,513,410,467
2026,General Motors,ACADIA AWD,20,23,21,454,387,423
2026,General Motors,YUKON 4WD,14,18,16,634,495,572
2026,General Motors,YUKON 4WD,15,19,17,596,462,536
2026,General Motors,YUKON 4WD,20,24,22,496,416,460
2026,General Motors,YUKON XL 4WD,14,18,16,634,495,572
2026,General Motors,YUKON XL 4WD,14,19,16,646,481,571
2026,General Motors,YUKON XL 4WD,20,24,22,496,416,460
2026,Hyundai,Palisade AWD,18,24,20,500,375,444
2026,Hyundai,Palisade Hybrid AWD,29,30,29,307,291,300
2026,Hyundai,Palisade XRT Pro,16,22,19,542,402,479
2026,Nissan,QX60 AWD,22,27,24,411,330,374
2026,Nissan,QX80 4WD,16,19,17,569,464,522
2026,Jaguar Land Rover L,Defender 110,18,22,20,494,400,452
2026,Jaguar Land Rover L,Defender 110,14,18,16,644,489,574
2026,Jaguar Land Rover L,Defender 110 MHEV,15,19,17,597,458,534
2026,Jaguar Land Rover L,Defender 110 Trophy MHEV,17,18,17,524,497,512
2026,Jaguar Land Rover L,Defender 130,14,19,16,644,474,567
2026,Jaguar Land Rover L,Defender 130 Outbound,17,19,18,538,453,500
2026,Jaguar Land Rover L,Defender 90,18,21,19,493,431,465
2026,Jaguar Land Rover L,Defender 90,15,19,16,615,471,550
2026,Jaguar Land Rover L,Range Rover LWB MHEV,16,22,18,574,411,501
2026,Jaguar Land Rover L,Range Rover MHEV,16,23,19,549,389,477
2026,Jaguar Land Rover L,Range Rover Sport MHEV,16,23,19,549,389,477
2026,Jaguar Land Rover L,Range Rover Sport SVR MHEV,16,22,18,568,410,497
2026,Jaguar Land Rover L,Range Rover SV LWB MHEV,16,22,18,574,411,501
2026,Jaguar Land Rover L,Range Rover SV MHEV,16,23,18,566,390,487
2026,Toyota,TX 350 AWD,20,26,23,432,333,387
2026,Toyota,TX 500h AWD,27,28,27,326,316,322
2026,Ford Motor Company,AVIATOR AWD,17,25,20,521,358,447
2026,MAZDA,MAZDA CX-90 4WD,23,28,25,386,324,358
2026,MAZDA,MAZDA CX-90 4WD,23,28,25,386,314,354
2026,Mercedes-Benz,AMG GLE 53 4MATIC+,18,23,20,484,384,439
2026,Mercedes-Benz,AMG GLE 53 4MATIC+ (coupe),18,22,20,497,401,454
2026,Mercedes-Benz,AMG GLE 63 S 4MATIC+,15,20,17,606,434,528
2026,Mercedes-Benz,AMG GLE 63 S 4MATIC+ (coupe),15,21,17,598,432,523
2026,Mercedes-Benz,AMG GLS 63 4MATIC+,15,20,17,614,445,538
2026,Mercedes-Benz,G 550,17,19,18,510,465,490
2026,Mercedes-Benz,GLE 450 4MATIC,19,25,21,474,363,424
2026,Mercedes-Benz,GLE 450 4MATIC (coupe),19,25,21,474,363,424
2026,Mercedes-Benz,GLE 580 4MATIC,15,21,18,575,422,506
2026,Mercedes-Benz,GLS 450 4MATIC,19,24,21,481,364,428
2026,Mercedes-Benz,GLS 580 4MATIC,14,20,16,623,435,539
2026,Mercedes-Benz,GLS 600 4MATIC Maybach,13,18,15,666,487,585
2026,Nissan,ARMADA 4WD,16,19,17,557,469,524
2026,Nissan,ARMADA 4WD PRO-4X,15,18,16,594,488,556
2026,Porsche,Cayenne,17,23,19,524,388,469
2026,Porsche,Cayenne Coupe,17,23,19,524,386,469
2026,Porsche,Cayenne GTS,15,22,18,595,410,512
2026,Porsche,Cayenne GTS Coupe,16,22,18,557,405,489
2026,Porsche,Cayenne S,16,21,18,549,423,492
2026,Porsche,Cayenne S Coupe,16,21,18,549,423,492
2026,Porsche,Cayenne Turbo GT,15,20,17,583,444,521
2026,Rolls-Royce,Black Badge Cullinan,12,19,14,732,459,609
2026,Rolls-Royce,Cullinan,12,19,14,732,459,609
2026,Toyota,GRAND HIGHLANDER AWD LE/XLE,21,27,23,424,325,379
2026,Toyota,GRAND HIGHLANDER AWD LIMITED/PLATINUM,20,26,22,433,338,400
2026,Toyota,GRAND HIGHLANDER HYBRID AWD,36,32,34,246,276,260
2026,Toyota,GRAND HIGHLANDER HYBRID AWD,26,27,27,338,325,332
2026,Toyota,LAND CRUISER,22,25,23,398,355,379
2026,Toyota,SEQUOIA 4WD,19,22,20,473,397,439
2026,Toyota,SEQUOIA 4WD,19,22,20,473,397,439
2026,Volvo,XC90 B5 AWD,22,27,24,405,325,369
2026,Volvo,XC90 B6 AWD,20,26,23,435,342,393
