make,model,year,city_mpg,hwy_mpg,comb_mpg,city_co2,hwy_co2,comb_co2
aston martin,Vanquish,2026,13,21,16,671,431,563
aston martin,Vanquish Volante,2026,13,20,16,669,444,567
aston martin,Vantage,2026,15,22,18,579,399,498
BMW,Z4 M40i,2026,23,29,25,386,297,346
BMW,Z4 M40i,2026,19,26,22,469,332,407
BMW,Z4 sDrive30i,2026,25,33,28,351,266,312
General Motors,CORVETTE,2026,16,25,19,571,356,474
General Motors,CORVETTE E-RAY,2026,16,24,19,566,368,477
General Motors,CORVETTE Z06,2026,12,21,15,731,433,597
General Motors,CORVETTE Z06 CARBON AERO,2026,12,19,14,755,479,631
General Motors,CORVETTE ZR1,2026,12,18,14,738,495,629
Ferrari,12Cilindri,2026,12,19,14,736,477,619
Ferrari,12Cilindri Spider,2026,12,17,14,735,508,633
Mercedes-Benz,AMG GT 55 4MATIC+ (coupe),2026,14,20,16,657,436,558
Mercedes-Benz,AMG GT 63 4MATIC+ (coupe),2026,14,20,16,657,436,558
Mercedes-Benz,AMG GT 63 PRO 4MATIC+ (coupe),2026,14,20,16,657,436,558
Nissan,Z,2026,18,24,20,489,368,435
Nissan,Z,2026,19,28,22,469,318,405
Nissan,Z NISMO,2026,17,24,19,524,371,469
BMW,Supra 2.0,2026,25,31,27,350,288,322
BMW,Supra 3.0,2026,22,29,25,391,298,349
BMW,Supra 3.0,2026,19,26,21,468,334,408
aston martin,DB12 V8,2026,15,22,17,599,395,507
Ferrari,Roma Spider,2026,17,22,19,524,397,467
Toyota,LC 500 CONVERTIBLE,2026,15,25,18,598,356,489
Mercedes-Benz,AMG SL 43,2026,19,27,22,459,329,400
Mercedes-Benz,AMG SL 55 4MATIC+,2026,14,21,16,651,430,552
Mercedes-Benz,AMG SL 63 4MATIC+,2026,14,21,16,651,430,552
Mercedes-Benz,SL 680 Maybach,2026,13,20,16,659,434,558
BMW,Cooper C Convertible,2026,27,37,30,327,238,287
BMW,Cooper S Convertible,2026,26,36,30,330,245,292
BMW,JCW Convertible,2026,26,35,30,335,247,296
Porsche,911 Carrera,2026,18,25,21,486,348,424
Porsche,911 Carrera 4 GTS,2026,17,23,19,523,387,468
Porsche,911 Carrera 4 GTS Cabriolet,2026,17,23,19,520,388,469
Porsche,911 Carrera Cabriolet,2026,18,25,21,489,354,429
Porsche,911 Carrera GTS,2026,17,24,20,522,367,453
Porsche,911 Carrera GTS Cabriolet,2026,17,23,19,522,386,467
Porsche,911 Carrera S,2026,17,24,20,524,371,445
Porsche,911 Carrera S Cabriolet,2026,17,24,20,524,372,455
Porsche,911 Carrera T,2026,17,25,20,523,356,448
Porsche,911 Carrera T Cabriolet,2026,17,25,19,526,356,469
Porsche,911 Targa 4 GTS,2026,17,23,19,523,385,467
Subaru,BRZ,2026,20,27,22,453,333,399
Subaru,BRZ,2026,21,30,25,419,292,362
Volkswagen Group of,A3 quattro,2026,24,34,28,370,265,323
Volkswagen Group of,RS 3,2026,20,29,23,450,310,387
Volkswagen Group of,S3,2026,23,31,26,394,288,346
BMW,230i Coupe,2026,26,35,30,333,251,296
BMW,230i xDrive Coupe,2026,25,33,28,355,262,313
BMW,430i Convertible,2026,27,35,30,329,253,295
BMW,430i Coupe,2026,28,36,31,315,248,285
BMW,430i xDrive Convertible,2026,24,33,28,359,263,316
BMW,430i xDrive Coupe,2026,27,34,30,325,256,294
BMW,840i Convertible,2026,21,29,24,420,305,368
BMW,840i Coupe,2026,21,29,24,420,305,368
BMW,840i xDrive Convertible,2026,21,29,24,426,308,373
BMW,840i xDrive Coupe,2026,21,29,24,426,308,373
BMW,M2 Coupe,2026,16,23,19,552,377,473
BMW,M2 Coupe,2026,16,23,19,535,381,466
BMW,M2 Coupe CS,2026,16,23,19,551,382,475
BMW,M240i Coupe,2026,23,32,26,391,276,339
BMW,M240i xDrive Coupe,2026,23,32,26,387,274,336
BMW,M4 Competition Coupe,2026,16,23,19,541,383,470
BMW,M4 Competition M xDrive Coupe,2026,16,23,18,547,381,472
BMW,M4 Coupe,2026,16,23,19,548,379,472
BMW,M440i Convertible,2026,27,33,29,327,266,300
BMW,M440i Coupe,2026,27,34,30,323,262,296
BMW,M440i xDrive Convertible,2026,25,32,28,344,273,312
BMW,M440i xDrive Coupe,2026,26,33,29,332,263,301
BMW,M4CompetitionMxDriveConvertible,2026,16,22,18,553,388,479
BMW,M850i xDrive Convertible,2026,17,24,19,526,371,456
BMW,M850i xDrive Coupe,2026,17,24,19,526,371,456
Ford Motor Company,MUSTANG,2026,16,24,19,558,370,468
Ford Motor Company,MUSTANG,2026,15,23,18,586,386,494
Ford Motor Company,MUSTANG,2026,22,33,26,404,269,341
Ford Motor Company,MUSTANG DARK HORSE,2026,14,22,17,619,410,525
Ford Motor Company,MUSTANG DARK HORSE,2026,14,22,17,638,405,533
Toyota,LC 500,2026,16,24,18,573,368,481
Maserati,Grancabrio,2026,17,26,20,512,330,430
Maserati,Grancabrio Trofeo,2026,17,26,20,512,330,430
Maserati,Granturismo,2026,18,27,21,489,318,412
Maserati,Granturismo Trofeo,2026,18,27,21,489,318,412
Mercedes-Benz,AMG CLE 53 4MATIC+ (convertible),2026,19,26,22,459,346,408
Mercedes-Benz,AMG CLE 53 4MATIC+ (coupe),2026,20,27,23,444,327,391
Mercedes-Benz,AMG GT 43 (coupe),2026,19,27,22,464,333,405
Mercedes-Benz,CLE 300 4MATIC (convertible),2026,23,32,26,389,279,340
Mercedes-Benz,CLE 300 4MATIC (Coupe),2026,24,33,27,368,268,323
Mercedes-Benz,CLE 450 4MATIC (Convertible),2026,23,32,26,386,279,338
Mercedes-Benz,CLE 450 4MATIC (Coupe),2026,23,33,26,394,271,339
BMW,Cooper C 2 Door,2026,27,39,32,320,227,278
BMW,Cooper S 2 Door,2026,28,39,32,315,225,275
BMW,JCW 2 Door,2026,27,37,30,328,238,288
BMW,228 Gran Coupe,2026,27,39,31,323,225,279
BMW,228 xDrive Gran Coupe,2026,26,38,30,333,233,288
BMW,330i Sedan,2026,28,35,31,317,248,286
BMW,330i xDrive Sedan,2026,26,34,29,332,256,298
BMW,430i Gran Coupe,2026,27,35,30,320,252,290
BMW,430i xDrive Gran Coupe,2026,25,34,29,345,257,305
BMW,M235 xDrive Gran Coupe,2026,24,33,27,368,264,321
BMW,M3 Competition M xDrive Sedan,2026,16,23,18,556,381,477
BMW,M3 Competition Sedan,2026,16,23,19,541,383,470
BMW,M3 Sedan,2026,16,23,19,548,379,472
BMW,M340i Sedan,2026,27,33,29,326,265,299
BMW,M340i xDrive Sedan,2026,26,33,29,336,264,304
BMW,M440i Gran Coupe,2026,26,32,28,342,275,312
BMW,M440i xDrive Gran Coupe,2026,25,31,27,350,284,320
General Motors,CT4,2026,21,31,25,412,287,356
General Motors,CT4,2026,22,32,26,401,276,345
General Motors,CT4 AWD,2026,21,29,24,425,305,371
General Motors,CT4 AWD ,2026,21,31,25,415,287,357
General Motors,CT4 V,2026,20,29,23,443,309,383
General Motors,CT4 V,2026,16,24,19,568,368,478
General Motors,CT4 V,2026,15,23,18,591,387,493
General Motors,CT4 V AWD,2026,20,28,23,445,318,387
Ferrari,Purosangue,2026,11,15,12,825,573,711
Hyundai,G70 AWD,2026,17,23,19,528,389,466
Hyundai,G70 AWD,2026,20,28,23,440,319,385
Hyundai,G70 RWD,2026,17,25,20,526,355,449
Hyundai,G70 RWD,2026,21,29,24,429,304,373
MAZDA,MAZDA3 4-Door 2WD,2026,27,36,30,331,248,294
MAZDA,MAZDA3 4-Door 4WD,2026,26,34,29,345,257,306
MAZDA,MAZDA3 4-Door 4WD,2026,23,32,27,382,274,334
Mercedes-Benz,AMG C 43 4MATIC,2026,19,27,22,468,329,405
Mercedes-Benz,AMG CLA 35 4MATIC,2026,22,29,25,406,305,361
Mercedes-Benz,AMG CLA 45 S 4MATIC,2026,20,28,23,438,308,379
Mercedes-Benz,C 300,2026,25,35,29,352,252,307
Mercedes-Benz,C 300 4MATIC,2026,24,33,27,379,268,329
Mercedes-Benz,CLA 250,2026,26,36,30,339,247,298
Mercedes-Benz,CLA 250 4MATIC,2026,25,34,29,353,260,311
BMW,Cooper C 4 Door,2026,28,39,32,318,225,276
BMW,Cooper S 4 Door,2026,28,39,32,311,226,273
Toyota,COROLLA,2026,32,41,35,277,216,254
Toyota,COROLLA,2026,31,40,34,286,223,257
Toyota,COROLLA,2026,31,38,34,292,232,265
Toyota,COROLLA HATCHBACK,2026,32,41,35,278,217,254
Toyota,COROLLA HATCHBACK FX,2026,30,38,33,292,237,267
Toyota,COROLLA HATCHBACK XSE,2026,30,38,33,295,230,266
Toyota,COROLLA HYBRID,2026,50,43,47,173,204,186
Toyota,COROLLA HYBRID,2026,53,46,50,165,191,176
Toyota,COROLLA HYBRID AWD,2026,47,41,44,186,214,199
Toyota,COROLLA HYBRID AWD,2026,51,44,48,172,200,183
Volkswagen Group of,GLI,2026,26,35,29,348,256,307
Volkswagen Group of,GLI,2026,26,36,29,346,247,306
Volkswagen Group of,Jetta,2026,29,40,34,302,220,265
Volkswagen Group of,Jetta Sport/SE/SEL,2026,29,40,33,310,224,271
Volkswagen Group of,RS 7,2026,14,21,16,645,422,545
BMW,530i Sedan,2026,28,35,31,315,249,285
BMW,530i xDrive Sedan,2026,27,35,30,325,253,292
BMW,540i xDrive Sedan,2026,26,32,28,338,271,308
BMW,840i Gran Coupe,2026,21,29,24,420,305,368
BMW,840i xDrive Gran Coupe,2026,21,29,24,426,308,373
BMW,M850i xDrive Gran Coupe,2026,17,24,19,526,371,456
General Motors,CT5,2026,19,28,22,466,318,399
General Motors,CT5,2026,22,31,26,399,282,346
General Motors,CT5 AWD,2026,18,27,21,488,334,418
General Motors,CT5 AWD,2026,21,30,24,416,294,370
General Motors,CT5 V,2026,18,27,21,499,330,423
General Motors,CT5 V,2026,13,20,15,697,437,580
General Motors,CT5 V,2026,13,20,15,708,438,587
General Motors,CT5 V AWD,2026,17,26,20,523,342,445
Honda,CIVIC 4Dr,2026,27,37,31,323,239,285
Honda,CIVIC 4Dr,2026,32,41,36,276,215,248
Honda,CIVIC 4Dr,2026,31,39,34,281,226,260
Honda,CIVIC 4Dr,2026,50,47,49,176,188,181
Hyundai,Elantra,2026,28,35,31,316,254,288
Hyundai,Elantra Hybrid,2026,49,52,50,180,172,177
Hyundai,Elantra Hybrid Blue,2026,51,58,54,174,154,165
Hyundai,Elantra N,2026,20,27,23,446,326,392
Hyundai,Elantra N,2026,21,29,24,414,307,366
Hyundai,Elantra non-ISG,2026,30,40,34,296,222,263
Hyundai,Elantra w/ Stop-Start,2026,31,40,35,281,221,254
MAZDA,MAZDA3 5-Door 2WD,2026,25,34,28,359,260,314
MAZDA,MAZDA3 5-Door 2WD,2026,26,34,29,339,257,302
MAZDA,MAZDA3 5-Door 4WD,2026,25,34,28,351,263,317
MAZDA,MAZDA3 5-Door 4WD,2026,23,31,26,380,285,337
Mercedes-Benz,E 350,2026,25,33,28,359,264,316
Mercedes-Benz,E 350 4MATIC,2026,24,33,27,375,269,327
Mercedes-Benz,E 450 4MATIC,2026,22,31,25,409,290,355
Toyota,CAMRY HEV AWD LE,2026,50,49,50,175,181,178
Toyota,CAMRY HEV AWD SE/XLE,2026,46,46,46,191,194,192
Toyota,CAMRY HEV AWD XSE,2026,43,43,43,205,205,205
Toyota,CAMRY HEV FF LE,2026,52,49,51,168,179,173
Toyota,CAMRY HEV FF SE/XLE/XSE,2026,47,45,46,188,195,191
Toyota,PRIUS,2026,57,56,57,154,158,155
Toyota,PRIUS AWD,2026,53,54,54,166,163,163
Toyota,PRIUS AWD XLE/LTD,2026,49,50,49,179,176,179
Toyota,PRIUS XLE/LTD,2026,52,52,52,168,169,169
Toyota,TOYOTA CROWN AWD,2026,29,32,30,303,272,293
Toyota,TOYOTA CROWN AWD Hybrid,2026,42,41,41,209,214,214
Volkswagen Group of,Golf R,2026,22,31,25,397,289,349
Volkswagen Group of,GTI,2026,24,32,27,365,278,326
Volvo,S90 B5,2026,24,34,28,365,261,318
Honda,INTEGRA,2026,29,37,32,302,238,278
Honda,INTEGRA,2026,21,28,24,419,312,371
Honda,INTEGRA A-SPEC,2026,29,37,32,301,240,277
Honda,INTEGRA A-SPEC,2026,26,36,30,339,241,293
Volkswagen Group of,A8 quattro,2026,19,27,22,480,334,414
Volkswagen Group of,S8,2026,15,24,18,605,377,502
BMW,740i Sedan,2026,25,31,28,347,279,317
BMW,740i xDrive Sedan,2026,24,31,27,359,285,326
BMW,760i xDrive Sedan,2026,18,25,20,494,344,427
Hyundai,G80 AWD,2026,20,29,23,439,311,382
Hyundai,G80 AWD,2026,15,24,18,574,377,485
Hyundai,G90 AWD,2026,18,26,21,491,347,426
Hyundai,G90 MHEV,2026,17,24,20,505,363,441
Honda,CIVIC 5Dr,2026,30,38,34,295,233,268
Honda,CIVIC 5Dr,2026,50,45,48,177,196,186
Hyundai,Sonata AWD,2026,24,33,27,376,267,327
Hyundai,Sonata FWD,2026,25,36,29,362,246,310
Hyundai,Sonata FWD,2026,23,32,27,378,277,333
Hyundai,Sonata FWD w/ STOP-START,2026,28,38,32,322,232,281
Hyundai,Sonata Hybrid,2026,44,51,47,199,174,188
Hyundai,Sonata Hybrid Blue,2026,47,56,51,189,158,175
Kia,K5,2026,25,36,29,361,247,310
Kia,K5,2026,23,33,27,380,273,331
Kia,K5 AWD,2026,24,33,27,377,270,329
Kia,K5 w/ Stop-Start,2026,26,37,30,347,238,298
Mercedes-Benz,S 500 4MATIC,2026,20,29,23,438,309,380
Mercedes-Benz,S 580 4MATIC,2026,17,27,20,532,324,438
Mercedes-Benz,S 580 4MATIC Maybach,2026,16,27,20,549,330,451
Mercedes-Benz,S 680 4MATIC Maybach,2026,12,20,15,741,435,603
Porsche,Panamera,2026,18,25,21,493,355,431
Porsche,Panamera 4,2026,18,25,21,496,356,425
Rolls-Royce,Black Badge Ghost,2026,12,19,14,732,459,609
Rolls-Royce,Ghost,2026,12,19,14,732,459,609
Rolls-Royce,Ghost Extended,2026,12,19,14,732,459,609
Rolls-Royce,Phantom,2026,12,19,14,732,459,609
Rolls-Royce,Phantom Extended,2026,12,19,14,732,459,609
General Motors,ENVISTA,2026,28,32,30,316,277,296
General Motors,ENVISTA (Flex Fuel),2026,28,32,30,314,277,297
General Motors,TRAX,2026,28,31,29,323,277,302
General Motors,TRAX (Flex Fuel),2026,28,32,30,318,277,296
Honda,HR-V AWD,2026,25,30,27,357,292,328
Honda,HR-V FWD,2026,26,32,28,338,278,311
Mercedes-Benz,AMG GLA 35 4MATIC,2026,22,30,25,395,296,350
Mercedes-Benz,AMG GLC 43 4MATIC,2026,19,26,22,459,342,406
Mercedes-Benz,AMG GLC 43 4MATIC (coupe),2026,19,25,22,463,348,411
Mercedes-Benz,AMG GT 43 4MATIC+,2026,19,24,21,464,369,421
Mercedes-Benz,AMG GT 53 4MATIC+,2026,19,24,21,467,368,422
Mercedes-Benz,AMG GT 63 4MATIC+,2026,15,21,17,579,430,512
Subaru,IMPREZA,2026,27,33,29,331,264,301
Subaru,IMPREZA,2026,26,33,29,343,272,311
Volvo,V60CC B5 AWD,2026,23,31,26,380,286,338
Volkswagen Group of,A6 allroad quattro,2026,21,30,24,418,300,365
Volkswagen Group of,RS 6 Avant,2026,14,21,16,645,422,545
Honda,CR-V FWD,2026,28,33,30,318,269,296
Honda,CR-V FWD,2026,43,36,40,205,246,223
Mercedes-Benz,AMG GLB 35 4MATIC,2026,21,27,23,432,333,387
Mercedes-Benz,E 450 4MATIC All-Terrain Wagon,2026,22,31,25,402,289,351
Volvo,V90CC B6 AWD,2026,22,29,25,399,307,358
General Motors,COLORADO 2WD,2026,19,24,21,462,367,420
General Motors,SILVERADO 2WD ,2026,23,28,25,437,360,402
General Motors,SILVERADO 2WD (5.3L with Sport Mode),2026,16,21,18,539,429,490
General Motors,SILVERADO 2WD (5.3L),2026,16,20,17,562,454,513
General Motors,SILVERADO 2WD 3M,2026,18,21,20,502,420,465
General Motors,SILVERADO 2WD M5,2026,17,21,19,509,426,472
General Motors,CANYON 2WD,2026,19,23,20,462,387,443
General Motors,SIERRA 2WD,2026,16,20,17,562,456,514
General Motors,SIERRA 2WD,2026,23,28,25,437,360,402
General Motors,SIERRA 2WD 3M,2026,18,21,20,501,419,464
General Motors,SIERRA 2WD M5,2026,17,21,19,509,426,472
General Motors,SIERRA 2WD with Sport Mode,2026,16,21,18,554,423,495
Nissan,FRONTIER 2WD,2026,19,24,21,465,371,423
FCA US LLC,1500 4X2,2026,18,25,21,497,356,433
FCA US LLC,1500 4X2,2026,20,25,22,451,353,407
Toyota,TUNDRA 2WD,2026,18,23,20,498,392,450
Toyota,TUNDRA 2WD,2026,18,23,20,490,387,444
Toyota,TUNDRA 2WD Hybrid,2026,20,24,22,441,366,407
Toyota,TUNDRA 2WD HYBRID TRD Perf,2026,20,24,22,441,366,407
Toyota,TUNDRA 2WD TRD Perf,2026,18,23,20,490,387,444
General Motors,COLORADO 4WD,2026,17,22,19,511,404,462
General Motors,COLORADO 4WD MUD TERRAIN TIRES,2026,17,20,18,529,451,494
General Motors,COLORADO ZR2 4WD,2026,17,17,17,531,522,527
General Motors,COLORADO ZR2 BISON 4WD,2026,16,16,16,559,570,564
General Motors,SILVERADO 4WD,2026,15,20,17,593,450,528
General Motors,SILVERADO 4WD,2026,22,25,23,463,399,434
General Motors,SILVERADO 4WD  (Flex Fuel),2026,15,19,17,576,462,524
General Motors,SILVERADO 4WD (5.3 L),2026,15,19,17,576,475,531
General Motors,SILVERADO 4WD 4M,2026,17,21,19,513,424,473
General Motors,SILVERADO 4WD M6 with Sport Mode,2026,17,20,18,509,443,479
General Motors,SILVERADO 4WD MUD TERRAIN TIRE,2026,15,18,16,595,501,552
General Motors,SILVERADO 4WD MUD TERRAIN TIRE  (Flex Fuel),2026,15,19,17,576,462,524
General Motors,SILVERADO 4WD MUD TERRAIN TIRE (6.2 L),2026,14,17,15,635,524,593
General Motors,SILVERADO 4WD MUD TERRAIN TIRE 4M,2026,16,17,17,552,517,536
General Motors,SILVERADO 4WD MUD TERRAIN TIRE M6,2026,16,17,17,551,516,535
General Motors,SILVERADO 4WD MUD TERRAIN TIRE with Sport Mode,2026,15,18,16,595,503,553
General Motors,SILVERADO 4WD MUD TERRAIN TIRES,2026,21,24,23,474,418,448
General Motors,SILVERADO 4WD MUD TERRAIN TIRES w/ Sport and Off Road Mode,2026,21,24,23,475,421,451
General Motors,SILVERADO 4WD w/ Sport and Off Road Mode,2026,22,26,24,459,391,428
General Motors,SILVERADO 4WD with Sport Mode,2026,16,20,17,562,456,514
General Motors,SILVERADO 4WD ZR2,2026,14,17,15,638,535,591
General Motors,SILVERADO 4WD ZR2  w/ Sport and Off Road Mode,2026,20,23,21,504,451,480
General Motors,CANYON 4WD,2026,17,22,19,511,404,462
General Motors,CANYON AT4X 4WD,2026,17,17,17,531,522,527
General Motors,CANYON AT4X AEV 4WD,2026,16,16,16,559,570,564
General Motors,SIERRA 4WD ,2026,22,26,24,459,391,428
General Motors,SIERRA 4WD  (5.3 L),2026,15,18,16,598,492,550
General Motors,SIERRA 4WD  (Flex Fuel),2026,15,19,17,576,462,524
General Motors,SIERRA 4WD (6.2L),2026,15,19,16,606,457,539
General Motors,SIERRA 4WD (Municipal),2026,15,19,16,604,475,546
General Motors,SIERRA 4WD 4M,2026,17,20,18,524,450,491
General Motors,SIERRA 4WD AT4X,2026,14,16,15,638,557,601
General Motors,SIERRA 4WD AT4X,2026,19,20,19,530,516,524
General Motors,SIERRA 4WD M6,2026,17,18,17,535,486,513
General Motors,SIERRA 4WD MUD TERRAIN TIRES,2026,14,17,15,636,523,593
General Motors,SIERRA 4WD MUD TERRAIN TIRES,2026,14,17,16,612,512,567
General Motors,SIERRA 4WD MUD TERRAIN TIRES,2026,21,24,23,475,421,451
General Motors,SIERRA 4WD MUD TERRAIN TIRES (Flex Fuel),2026,15,19,17,576,462,524
General Motors,SIERRA 4WD MUD TERRAIN TIRES (Municipal),2026,15,19,16,604,475,546
General Motors,SIERRA 4WD MUD TERRAIN TIRES 4M,2026,16,17,17,552,517,536
General Motors,SIERRA 4WD MUD TERRAIN TIRES with Sport Mode,2026,15,18,16,605,508,561
General Motors,SIERRA 4WD with Sport Mode,2026,15,19,17,574,458,522
Honda,RIDGELINE AWD,2026,18,24,21,494,375,441
Honda,RIDGELINE AWD TrailSport,2026,18,23,20,496,386,446
FCA US LLC,Gladiator 4X4,2026,17,22,19,518,409,469
Nissan,FRONTIER 4WD,2026,17,21,19,525,424,479
Nissan,FRONTIER 4WD PRO-4X,2026,16,20,18,557,440,504
FCA US LLC,1500 4X4,2026,18,24,20,500,375,444
FCA US LLC,1500 4X4,2026,19,24,21,457,368,417
FCA US LLC,1500 4X4,2026,16,20,18,555,437,502
FCA US LLC,1500 HO 4x4,2026,15,21,17,593,434,521
FCA US LLC,1500 RHO 4x4,2026,14,16,15,634,564,602
Toyota,TUNDRA 4WD,2026,17,22,19,518,408,468
Toyota,TUNDRA 4WD,2026,17,22,19,512,400,462
Toyota,TUNDRA 4WD Hybrid,2026,19,22,20,473,397,439
Toyota,TUNDRA 4WD HYBRID TRD Per,2026,19,22,20,473,397,439
Toyota,TUNDRA 4WD PRO Hybrid,2026,18,20,19,483,435,461
Toyota,TUNDRA 4WD PRO HYBRID TRD Perf,2026,18,20,19,483,435,461
Toyota,TUNDRA 4WD TRD Perf,2026,17,22,19,512,400,462
Mercedes-Benz,GLA 250,2026,26,34,29,344,260,306
Mercedes-Benz,GLB 250,2026,25,33,28,348,265,311
General Motors,SILVERADO 2WD CAB CHASSIS,2026,15,18,16,590,504,551
General Motors,SILVERADO 4WD CAB CHASSIS,2026,14,16,15,633,542,592
General Motors,SIERRA 2WD CAB CHASSIS,2026,15,18,16,590,504,551
General Motors,SIERRA 4WD CAB CHASSIS,2026,14,16,15,633,542,592
FCA US LLC,Pacifica,2026,19,28,22,469,317,401
FCA US LLC,Voyager,2026,19,28,22,469,317,401
Honda,ODYSSEY FWD,2026,19,28,22,457,319,395
Kia,Carnival,2026,18,25,21,489,354,428
Kia,Carnival Hybrid,2026,34,31,32,264,288,275
Honda,MDX FWD,2026,19,26,22,470,339,411
General Motors,ENCORE GX FWD,2026,29,31,30,302,287,297
General Motors,ENCORE GX FWD (Flex Fuel),2026,30,31,30,296,287,297
General Motors,EQUINOX FWD,2026,26,29,27,342,305,329
General Motors,TRAILBLAZER FWD,2026,29,33,31,307,270,287
General Motors,TRAILBLAZER FWD (Flex Fuel),2026,30,31,30,296,287,297
Ford Motor Company,ESCAPE FWD,2026,27,34,30,332,256,298
Hyundai,GV80 RWD,2026,20,26,22,449,346,403
General Motors,TERRAIN FWD,2026,26,28,27,342,318,329
Hyundai,Kona FWD,2026,28,35,31,316,255,288
Hyundai,Kona FWD SX2 1.6T 8AT FWD,2026,26,31,28,348,286,320
Hyundai,Kona FWD w/ STOP-START,2026,29,34,31,305,258,284
Hyundai,Santa Cruz FWD,2026,22,30,25,405,296,356
Hyundai,Santa Fe FWD,2026,20,29,24,431,303,374
Hyundai,Santa Fe Hybrid FWD,2026,37,36,36,241,247,244
Hyundai,Tucson FWD,2026,25,33,28,361,274,322
Hyundai,Venue,2026,29,33,31,304,274,291
Kia,Niro,2026,53,45,49,168,196,181
Kia,Niro FE,2026,53,54,53,168,165,167
Kia,Sorento FWD,2026,23,31,26,380,289,339
Kia,Sorento FWD,2026,20,29,23,441,311,382
Kia,Sorento Hybrid FWD,2026,37,36,37,236,245,240
Kia,Sportage FWD,2026,25,33,28,357,269,317
Kia,Sportage Hybrid FWD,2026,41,44,42,216,202,209
Toyota,NX 350h,2026,42,38,40,207,233,220
Toyota,RX 350,2026,22,29,25,396,303,354
Ford Motor Company,CORSAIR FWD,2026,22,30,25,406,298,358
Mercedes-Benz,GLC 300,2026,24,32,27,365,273,323
Nissan,KICKS,2026,28,35,31,318,255,287
Nissan,ROGUE FWD,2026,29,36,32,303,251,279
Toyota,COROLLA CROSS,2026,31,33,32,283,267,276
Volkswagen Group of,Atlas,2026,20,27,23,438,331,390
Volkswagen Group of,Atlas Cross Sport,2026,20,27,23,438,331,390
Volkswagen Group of,Taos,2026,28,36,31,312,247,287
Volkswagen Group of,Tiguan,2026,25,32,28,355,277,320
Volkswagen Group of,Tiguan S,2026,26,34,29,345,260,307
Volvo,XC40 B4,2026,25,32,27,362,281,326
Honda,MDX AWD,2026,19,25,21,477,357,423
Honda,RDX AWD,2026,21,27,23,415,322,385
Honda,RDX AWD A-SPEC,2026,21,26,23,423,342,386
BMW,X1 M35i,2026,24,32,27,370,275,327
BMW,X1 xDrive28i,2026,25,34,28,352,259,311
BMW,X2 M35i,2026,23,31,26,385,281,338
BMW,X2 xDrive28i,2026,24,34,28,359,259,314
BMW,X3 M50,2026,25,30,27,346,288,320
BMW,X3 xDrive30,2026,27,33,29,327,265,299
General Motors,ENCORE GX AWD,2026,26,28,27,347,309,327
General Motors,ENVISION AWD,2026,22,28,25,397,317,361
General Motors,EQUINOX AWD,2026,25,29,26,358,305,342
General Motors,TRAILBLAZER AWD,2026,26,29,27,342,306,329
Ford Motor Company,ESCAPE AWD,2026,23,31,26,386,287,342
Ford Motor Company,ESCAPE AWD,2026,26,32,28,347,278,317
Ford Motor Company,ESCAPE AWD HEV,2026,42,36,39,208,246,225
Hyundai,GV70 AWD,2026,18,25,21,497,355,433
Hyundai,GV70 AWD w/ 4-mode transmission,2026,20,28,23,451,322,393
Hyundai,GV70 AWD w/ 5-mode transmission (Sport+),2026,20,26,22,453,339,402
General Motors,TERRAIN AWD,2026,24,28,25,370,319,356
General Motors,TERRAIN AWD Denali / AT4,2026,24,26,25,376,335,358
Honda,CR-V AWD,2026,27,31,29,329,286,310
Honda,CR-V AWD,2026,40,34,37,218,259,237
Honda,CR-V AWD TrailSport,2026,38,33,35,236,272,252
Honda,PASSPORT AWD,2026,19,25,21,469,356,424
Honda,PASSPORT AWD Trailsport,2026,18,23,20,496,387,446
Hyundai,Kona AWD,2026,26,29,27,341,300,323
Hyundai,Kona AWD SX2 1.6T 8AT AWD,2026,25,28,26,362,313,340
Hyundai,Kona AWD w/ STOP-START,2026,27,29,28,332,302,319
Hyundai,Santa Cruz AWD  NX4 OB 2.5 AWD 8AT,2026,21,29,24,415,309,367
Hyundai,Santa Cruz AWD NX4 OB 2.5T AWD 8AT,2026,18,25,20,497,356,433
Hyundai,Santa Cruz XRT AWD,2026,18,25,20,498,357,435
Hyundai,Santa Fe AWD,2026,20,28,23,450,314,389
Hyundai,Santa Fe AWD XRT,2026,19,25,21,477,353,421
Hyundai,Santa Fe Hybrid AWD,2026,35,34,34,255,262,258
Hyundai,Tucson AWD,2026,24,30,26,371,296,337
Hyundai,Tucson Hybrid,2026,36,37,36,246,240,243
Hyundai,Tucson Hybrid Blue,2026,38,38,38,232,235,234
Jaguar Land Rover L,F-PACE,2026,22,27,24,409,335,376
Jaguar Land Rover L,F-PACE MHEV,2026,19,25,21,471,354,418
Jaguar Land Rover L,F-PACE SVR,2026,15,21,17,592,430,519
FCA US LLC,Compass 4X4,2026,23,31,26,379,282,335
FCA US LLC,Wrangler 2dr 4X4,2026,20,23,21,439,387,416
FCA US LLC,Wrangler 2dr 4X4,2026,17,23,19,525,386,462
FCA US LLC,Wrangler 4dr 4X4,2026,20,22,21,452,394,426
FCA US LLC,Wrangler 4dr 4X4,2026,18,23,20,507,382,451
FCA US LLC,Wrangler 4dr 4X4,2026,16,22,19,542,396,476
Kia,Seltos AWD (1.6L),2026,24,27,25,368,327,350
Kia,Seltos AWD (2.0L),2026,27,31,29,331,282,309
Kia,Sorento AWD,2026,23,28,25,387,321,357
Kia,Sorento AWD,2026,20,27,23,436,329,388
Kia,Sorento Hybrid AWD,2026,32,35,34,272,254,264
Kia,Sportage AWD,2026,24,30,26,374,296,339
Kia,Sportage Hybrid AWD,2026,35,36,35,252,250,251
Kia,Sportage X-pro,2026,23,26,24,394,349,374
Jaguar Land Rover L,Discovery Sport,2026,19,23,20,482,381,437
Jaguar Land Rover L,Range Rover Evoque,2026,20,27,22,451,334,398
Jaguar Land Rover L,Range Rover Velar,2026,22,26,23,415,339,381
Jaguar Land Rover L,Range Rover Velar P340 MHEV,2026,19,26,22,460,343,407
Jaguar Land Rover L,Range Rover Velar P400 MHEV,2026,19,25,21,473,354,420
Toyota,NX 350 AWD,2026,21,28,24,413,317,370
Toyota,NX 350 AWD F SPORT,2026,21,28,24,420,309,370
Toyota,NX 350h AWD,2026,41,37,39,212,235,225
Toyota,RX 350 AWD,2026,21,28,24,417,312,370
Toyota,RX 350h AWD,2026,37,34,36,234,256,244
Toyota,RX 500h AWD,2026,27,28,27,326,314,321
Ford Motor Company,CORSAIR AWD,2026,21,28,24,425,316,376
Ford Motor Company,NAUTILUS AWD,2026,21,29,24,425,306,369
Ford Motor Company,NAUTILUS HEV AWD,2026,29,31,30,334,282,311
Maserati,Grecale Modena V6,2026,18,25,20,495,354,432
Maserati,Grecale Trofeo,2026,18,25,20,495,354,432
MAZDA,CX-30 4WD,2026,24,31,27,365,285,329
MAZDA,CX-30 4WD,2026,22,30,25,398,299,353
Mercedes-Benz,GLA 250 4MATIC,2026,25,33,28,353,269,315
Mercedes-Benz,GLB 250 4MATIC,2026,24,33,27,368,270,324
Mercedes-Benz,GLC 300 4MATIC,2026,23,31,26,380,287,338
Mercedes-Benz,GLC 300 4MATIC (Coupe),2026,23,31,26,379,287,337
Mercedes-Benz,GLE 350,2026,21,28,23,434,318,382
Mercedes-Benz,GLE 350 4MATIC,2026,19,26,22,461,347,410
BMW,Countryman S ALL4,2026,24,32,27,366,273,324
BMW,JCW Countryman ALL4,2026,23,30,25,389,288,344
Mitsubishi Motors Co,ECLIPSE CROSS 4WD,2026,25,26,25,354,338,353
Mitsubishi Motors Co,ECLIPSE CROSS ES 4WD,2026,25,28,26,354,312,339
Nissan,KICKS AWD,2026,27,34,30,330,261,299
Nissan,MURANO AWD,2026,21,27,23,424,330,387
Nissan,ROGUE AWD,2026,28,35,31,318,258,291
Nissan,ROGUE AWD ROCK CREEK,2026,27,32,29,330,274,307
Porsche,Macan,2026,19,25,21,468,352,423
Porsche,Macan GTS,2026,17,22,19,521,403,466
Porsche,Macan S,2026,17,23,19,520,381,465
Porsche,Macan T,2026,19,25,21,468,361,423
Subaru,CROSSTREK AWD,2026,26,33,29,339,268,307
Subaru,CROSSTREK HYBRID AWD,2026,36,36,36,244,247,246
Subaru,CROSSTREK WILDERNESS AWD,2026,24,29,26,364,305,337
Subaru,FORESTER AWD,2026,26,33,29,343,269,310
Subaru,FORESTER SPORT/TOURING AWD,2026,25,32,28,350,278,317
Subaru,FORESTER WILDERNESS AWD,2026,24,28,26,374,315,347
Subaru,OUTBACK AWD,2026,25,31,27,363,289,330
Subaru,OUTBACK AWD,2026,21,29,24,414,313,369
Subaru,OUTBACK WILDERNESS AWD,2026,21,27,23,426,336,385
Toyota,COROLLA CROSS AWD,2026,29,31,30,307,284,295
Toyota,COROLLA CROSS HYBRID AWD,2026,46,39,42,192,227,211
Volkswagen Group of,Atlas 4Motion Peak Edition,2026,19,25,21,476,355,421
Volkswagen Group of,Atlas Cross Sport 4Motion,2026,20,26,22,456,348,407
Volkswagen Group of,Atlas SE 4Motion,2026,20,26,22,456,348,407
Volkswagen Group of,Atlas SEL 4Motion,2026,19,25,21,468,355,417
Volkswagen Group of,Taos 4Motion,2026,25,33,28,355,274,318
Volkswagen Group of,Tiguan 4Motion,2026,22,30,25,398,294,351
Volkswagen Group of,Tiguan SEL 4Motion,2026,22,29,25,406,304,360
Volvo,XC40 B5 AWD,2026,23,30,26,381,296,343
Volvo,XC60 B5 AWD,2026,23,30,26,384,292,343
BMW,X5 sDrive40i,2026,23,27,25,383,331,360
General Motors,ENCLAVE FWD,2026,20,25,22,444,356,404
General Motors,SUBURBAN 2WD,2026,15,19,16,605,470,544
General Motors,SUBURBAN 2WD,2026,15,20,17,592,453,530
General Motors,SUBURBAN 2WD,2026,21,26,23,485,385,442
General Motors,TAHOE 2WD,2026,15,20,17,587,444,523
General Motors,TAHOE 2WD,2026,15,20,17,592,453,530
General Motors,TAHOE 2WD,2026,22,26,24,457,391,427
General Motors,TRAVERSE FWD,2026,20,26,22,440,342,404
FCA US LLC,Durango RWD,2026,18,25,20,499,355,434
Ford Motor Company,EXPLORER RWD,2026,18,25,21,486,355,423
Ford Motor Company,EXPLORER RWD,2026,20,29,24,433,308,377
General Motors,ACADIA FWD,2026,20,26,22,440,342,404
General Motors,YUKON 2WD,2026,15,20,17,587,444,523
General Motors,YUKON 2WD,2026,15,20,17,592,453,530
General Motors,YUKON 2WD,2026,21,26,23,485,385,442
General Motors,YUKON XL 2WD,2026,15,19,16,605,470,544
General Motors,YUKON XL 2WD,2026,15,20,17,592,453,530
General Motors,YUKON XL 2WD,2026,21,26,23,485,385,442
Hyundai,Palisade FWD,2026,19,25,21,476,348,418
Hyundai,Palisade Hybrid FWD,2026,31,32,31,287,277,283
Hyundai,Palisade Hybrid FWD Blue,2026,33,35,34,262,253,258
Nissan,QX60 FWD,2026,22,28,24,405,318,371
Nissan,QX80 2WD,2026,16,20,18,557,440,504
Toyota,TX 350,2026,21,27,23,418,326,382
Ford Motor Company,AVIATOR RWD,2026,18,25,21,486,355,423
Nissan,ARMADA 2WD,2026,16,20,18,556,444,506
Toyota,GRAND HIGHLANDER HYBRID,2026,37,34,36,237,258,246
Toyota,GRAND HIGHLANDER LE/XLE,2026,21,28,24,419,313,371
Toyota,GRAND HIGHLANDER LIMITED,2026,21,28,24,410,312,366
Toyota,SEQUOIA 2WD,2026,21,24,22,418,366,395
Toyota,SEQUOIA 2WD,2026,21,24,22,418,366,395
Honda,MDX AWD Type-S,2026,17,21,19,523,414,474
aston martin,DBX 707,2026,15,20,17,602,457,537
aston martin,DBX 727,2026,14,19,16,620,456,546
Volkswagen Group of,Q7,2026,20,26,22,453,347,405
Volkswagen Group of,Q7 quattro,2026,18,23,20,492,380,442
Volkswagen Group of,Q8 quattro,2026,17,23,19,514,392,459
Volkswagen Group of,RS Q8 Performance,2026,14,20,16,622,454,547
Volkswagen Group of,SQ7,2026,14,20,16,615,448,540
Volkswagen Group of,SQ8,2026,14,20,16,623,439,540
Volkswagen Group of,Bentayga,2026,14,21,16,650,433,553
Volkswagen Group of,Bentayga EWB,2026,14,21,16,650,433,553
BMW,ALPINA XB7,2026,16,20,17,564,434,506
BMW,X5 M Competition,2026,13,18,15,678,481,589
BMW,X5 M60i xDrive,2026,17,22,19,512,391,458
BMW,X5 xDrive40i,2026,23,27,25,375,323,352
BMW,X6 M Competition,2026,13,18,15,678,481,589
BMW,X6 M60i xDrive,2026,17,22,19,512,391,458
BMW,X6 xDrive40i,2026,22,26,23,406,332,372
BMW,X7 M60i xDrive,2026,16,20,18,550,435,498
BMW,X7 xDrive40i,2026,21,25,23,420,346,387
General Motors,ENCLAVE AWD,2026,20,24,21,454,370,423
General Motors,ESCALADE 4WD,2026,14,18,16,634,495,572
General Motors,ESCALADE V AWD,2026,11,17,13,793,526,691
General Motors,SUBURBAN 4WD,2026,14,18,16,634,495,572
General Motors,SUBURBAN 4WD,2026,14,19,16,646,481,571
General Motors,SUBURBAN 4WD,2026,20,24,22,496,416,460
General Motors,TAHOE 4WD,2026,20,24,22,496,416,460
General Motors,TAHOE 4WD (5.3L),2026,15,19,17,596,462,536
General Motors,TAHOE 4WD (6.2L),2026,14,18,16,634,495,572
General Motors,TRAVERSE AWD,2026,20,24,21,454,370,423
FCA US LLC,Durango AWD,2026,17,24,20,510,374,449
FCA US LLC,Durango AWD,2026,14,21,16,643,415,541
Ford Motor Company,EXPLORER AWD,2026,18,25,20,503,361,439
Ford Motor Company,EXPLORER AWD,2026,20,27,23,448,329,394
Ford Motor Company,EXPLORER TREMOR AWD,2026,19,23,21,460,378,424
Hyundai,GV80 AWD,2026,19,24,21,474,369,427
Hyundai,GV80 AWD,2026,16,22,19,538,395,473
Hyundai,GV80 MHEV,2026,17,22,19,513,410,467
General Motors,ACADIA AWD,2026,20,23,21,454,387,423
General Motors,YUKON 4WD,2026,14,18,16,634,495,572
General Motors,YUKON 4WD,2026,15,19,17,596,462,536
General Motors,YUKON 4WD,2026,20,24,22,496,416,460
General Motors,YUKON XL 4WD,2026,14,18,16,634,495,572
General Motors,YUKON XL 4WD,2026,14,19,16,646,481,571
General Motors,YUKON XL 4WD,2026,20,24,22,496,416,460
Hyundai,Palisade AWD,2026,18,24,20,500,375,444
Hyundai,Palisade Hybrid AWD,2026,29,30,29,307,291,300
Hyundai,Palisade XRT Pro,2026,16,22,19,542,402,479
Nissan,QX60 AWD,2026,22,27,24,411,330,374
Nissan,QX80 4WD,2026,16,19,17,569,464,522
Jaguar Land Rover L,Defender 110,2026,18,22,20,494,400,452
Jaguar Land Rover L,Defender 110,2026,14,18,16,644,489,574
Jaguar Land Rover L,Defender 110 MHEV,2026,15,19,17,597,458,534
Jaguar Land Rover L,Defender 110 Trophy MHEV,2026,17,18,17,524,497,512
Jaguar Land Rover L,Defender 130,2026,14,19,16,644,474,567
Jaguar Land Rover L,Defender 130 Outbound,2026,17,19,18,538,453,500
Jaguar Land Rover L,Defender 90,2026,18,21,19,493,431,465
Jaguar Land Rover L,Defender 90,2026,15,19,16,615,471,550
Jaguar Land Rover L,Range Rover LWB MHEV,2026,16,22,18,574,411,501
Jaguar Land Rover L,Range Rover MHEV,2026,16,23,19,549,389,477
Jaguar Land Rover L,Range Rover Sport MHEV,2026,16,23,19,549,389,477
Jaguar Land Rover L,Range Rover Sport SVR MHEV,2026,16,22,18,568,410,497
Jaguar Land Rover L,Range Rover SV LWB MHEV,2026,16,22,18,574,411,501
Jaguar Land Rover L,Range Rover SV MHEV,2026,16,23,18,566,390,487
Toyota,TX 350 AWD,2026,20,26,23,432,333,387
Toyota,TX 500h AWD,2026,27,28,27,326,316,322
Ford Motor Company,AVIATOR AWD,2026,17,25,20,521,358,447
MAZDA,MAZDA CX-90 4WD,2026,23,28,25,386,324,358
MAZDA,MAZDA CX-90 4WD,2026,23,28,25,386,314,354
Mercedes-Benz,AMG GLE 53 4MATIC+,2026,18,23,20,484,384,439
Mercedes-Benz,AMG GLE 53 4MATIC+ (coupe),2026,18,22,20,497,401,454
Mercedes-Benz,AMG GLE 63 S 4MATIC+,2026,15,20,17,606,434,528
Mercedes-Benz,AMG GLE 63 S 4MATIC+ (coupe),2026,15,21,17,598,432,523
Mercedes-Benz,AMG GLS 63 4MATIC+,2026,15,20,17,614,445,538
Mercedes-Benz,G 550,2026,17,19,18,510,465,490
Mercedes-Benz,GLE 450 4MATIC,2026,19,25,21,474,363,424
Mercedes-Benz,GLE 450 4MATIC (coupe),2026,19,25,21,474,363,424
Mercedes-Benz,GLE 580 4MATIC,2026,15,21,18,575,422,506
Mercedes-Benz,GLS 450 4MATIC,2026,19,24,21,481,364,428
Mercedes-Benz,GLS 580 4MATIC,2026,14,20,16,623,435,539
Mercedes-Benz,GLS 600 4MATIC Maybach,2026,13,18,15,666,487,585
Nissan,ARMADA 4WD,2026,16,19,17,557,469,524
Nissan,ARMADA 4WD PRO-4X,2026,15,18,16,594,488,556
Porsche,Cayenne,2026,17,23,19,524,388,469
Porsche,Cayenne Coupe,2026,17,23,19,524,386,469
Porsche,Cayenne GTS,2026,15,22,18,595,410,512
Porsche,Cayenne GTS Coupe,2026,16,22,18,557,405,489
Porsche,Cayenne S,2026,16,21,18,549,423,492
Porsche,Cayenne S Coupe,2026,16,21,18,549,423,492
Porsche,Cayenne Turbo GT,2026,15,20,17,583,444,521
Rolls-Royce,Black Badge Cullinan,2026,12,19,14,732,459,609
Rolls-Royce,Cullinan,2026,12,19,14,732,459,609
Toyota,GRAND HIGHLANDER AWD LE/XLE,2026,21,27,23,424,325,379
Toyota,GRAND HIGHLANDER AWD LIMITED/PLATINUM,2026,20,26,22,433,338,400
Toyota,GRAND HIGHLANDER HYBRID AWD,2026,36,32,34,246,276,260
Toyota,GRAND HIGHLANDER HYBRID AWD,2026,26,27,27,338,325,332
Toyota,LAND CRUISER,2026,22,25,23,398,355,379
Toyota,SEQUOIA 4WD,2026,19,22,20,473,397,439
Toyota,SEQUOIA 4WD,2026,19,22,20,473,397,439
Volvo,XC90 B5 AWD,2026,22,27,24,405,325,369
Volvo,XC90 B6 AWD,2026,20,26,23,435,342,393
